{"nodes": [{"id": ">AKT2.Oxi.1.12-1", "group": 1}, {"id": ">AKT2.Oxi.2.2-1", "group": 1}, {"id": ">AKT2.Oxi.2.4-1", "group": 1}, {"id": ">AKT2.Oxi.2.17-1", "group": 1}, {"id": "group_primary_1", "group": 2}, {"id": ">AKT2.Oxi.1.6-1", "group": 1}, {"id": ">AKT2.Oxi.1.11-1", "group": 1}, {"id": ">AKT2.Oxi.1.13-1", "group": 1}, {"id": "group_primary_2", "group": 2}, {"id": ">AKT2.Oxi.1.1-1", "group": 1}, {"id": ">AKT2.Oxi.1.15-1", "group": 1}, {"id": ">AKT2.Oxi.2.1-1", "group": 1}, {"id": ">AKT2.Oxi.2.3-1", "group": 1}, {"id": ">AKT2.Oxi.2.12-1", "group": 1}, {"id": ">AKT2.Oxi.2.19-1", "group": 1}, {"id": ">AKT2.Oxi.2.20-1", "group": 1}, {"id": "group_primary_3", "group": 2}, {"id": ">AKT2.Oxi.1.2-1", "group": 1}, {"id": ">AKT2.Oxi.1.10-1", "group": 1}, {"id": ">AKT2.Oxi.2.8-1", "group": 1}, {"id": "group_primary_4", "group": 2}, {"id": ">AKT2.Oxi.1.3-1", "group": 1}, {"id": ">AKT2.Oxi.1.14-1", "group": 1}, {"id": ">AKT2.Oxi.2.13-1", "group": 1}, {"id": "group_primary_5", "group": 2}, {"id": ">AKT2.Oxi.1.5-1", "group": 1}, {"id": ">AKT2.Oxi.1.7-1", "group": 1}, {"id": ">AKT2.Oxi.2.5-1", "group": 1}, {"id": ">AKT2.Oxi.2.6-1", "group": 1}, {"id": ">AKT2.Oxi.2.11-1", "group": 1}, {"id": ">AKT2.Oxi.2.14-1", "group": 1}, {"id": ">AKT2.Oxi.2.15-1", "group": 1}, {"id": "group_primary_6", "group": 2}, {"id": ">AKT2.Oxi.1.8-1", "group": 1}, {"id": ">AKT2.Oxi.2.16-1", "group": 1}, {"id": ">AKT2.Oxi.2.18-1", "group": 1}, {"id": "group_primary_7", "group": 2}, {"id": ">AKT2.Oxi.1.4-1", "group": 1}, {"id": ">AKT2.Oxi.1.9-1", "group": 1}, {"id": ">AKT2.Oxi.2.9-1", "group": 1}, {"id": "group_primary_8", "group": 2}, {"id": "group_primary_9", "group": 2}, {"id": "group_secondary_1", "group": 3}, {"id": "group_secondary_2", "group": 3}, {"id": "group_secondary_3", "group": 3}, {"id": "group_secondary_4", "group": 3}, {"id": "group_secondary_5", "group": 3}, {"id": "group_secondary_6", "group": 3}, {"id": "group_secondary_7", "group": 3}, {"id": "group_secondary_8", "group": 3}], "links": [{"source": ">AKT2.Oxi.1.12-1", "target": "group_primary_1", "value": 5}, {"source": ">AKT2.Oxi.2.2-1", "target": "group_primary_1", "value": 5}, {"source": ">AKT2.Oxi.2.4-1", "target": "group_primary_1", "value": 5}, {"source": ">AKT2.Oxi.2.17-1", "target": "group_primary_1", "value": 5}, {"source": ">AKT2.Oxi.1.6-1", "target": "group_primary_2", "value": 5}, {"source": ">AKT2.Oxi.1.11-1", "target": "group_primary_2", "value": 5}, {"source": ">AKT2.Oxi.1.13-1", "target": "group_primary_2", "value": 5}, {"source": ">AKT2.Oxi.1.1-1", "target": "group_primary_3", "value": 5}, {"source": ">AKT2.Oxi.1.15-1", "target": "group_primary_3", "value": 5}, {"source": ">AKT2.Oxi.2.1-1", "target": "group_primary_3", "value": 5}, {"source": ">AKT2.Oxi.2.3-1", "target": "group_primary_3", "value": 5}, {"source": ">AKT2.Oxi.2.12-1", "target": "group_primary_3", "value": 5}, {"source": ">AKT2.Oxi.2.19-1", "target": "group_primary_3", "value": 5}, {"source": ">AKT2.Oxi.2.20-1", "target": "group_primary_3", "value": 5}, {"source": ">AKT2.Oxi.1.2-1", "target": "group_primary_4", "value": 5}, {"source": ">AKT2.Oxi.1.10-1", "target": "group_primary_4", "value": 5}, {"source": ">AKT2.Oxi.2.8-1", "target": "group_primary_4", "value": 5}, {"source": ">AKT2.Oxi.1.3-1", "target": "group_primary_5", "value": 5}, {"source": ">AKT2.Oxi.1.14-1", "target": "group_primary_5", "value": 5}, {"source": ">AKT2.Oxi.2.13-1", "target": "group_primary_5", "value": 5}, {"source": ">AKT2.Oxi.1.5-1", "target": "group_primary_6", "value": 5}, {"source": ">AKT2.Oxi.1.7-1", "target": "group_primary_6", "value": 5}, {"source": ">AKT2.Oxi.2.5-1", "target": "group_primary_6", "value": 5}, {"source": ">AKT2.Oxi.2.6-1", "target": "group_primary_6", "value": 5}, {"source": ">AKT2.Oxi.2.11-1", "target": "group_primary_6", "value": 5}, {"source": ">AKT2.Oxi.2.14-1", "target": "group_primary_6", "value": 5}, {"source": ">AKT2.Oxi.2.15-1", "target": "group_primary_6", "value": 5}, {"source": ">AKT2.Oxi.1.8-1", "target": "group_primary_7", "value": 5}, {"source": ">AKT2.Oxi.2.16-1", "target": "group_primary_7", "value": 5}, {"source": ">AKT2.Oxi.2.18-1", "target": "group_primary_7", "value": 5}, {"source": ">AKT2.Oxi.1.4-1", "target": "group_primary_8", "value": 5}, {"source": ">AKT2.Oxi.1.9-1", "target": "group_primary_8", "value": 5}, {"source": ">AKT2.Oxi.2.9-1", "target": "group_primary_8", "value": 5}, {"source": ">AKT2.Oxi.1.1-1", "target": "group_secondary_1", "value": 5}, {"source": ">AKT2.Oxi.1.12-1", "target": "group_secondary_1", "value": 5}, {"source": ">AKT2.Oxi.2.2-1", "target": "group_secondary_1", "value": 5}, {"source": ">AKT2.Oxi.2.4-1", "target": "group_secondary_1", "value": 5}, {"source": ">AKT2.Oxi.2.6-1", "target": "group_secondary_1", "value": 5}, {"source": ">AKT2.Oxi.2.9-1", "target": "group_secondary_1", "value": 5}, {"source": ">AKT2.Oxi.2.13-1", "target": "group_secondary_1", "value": 5}, {"source": ">AKT2.Oxi.2.20-1", "target": "group_secondary_1", "value": 5}, {"source": ">AKT2.Oxi.1.4-1", "target": "group_secondary_2", "value": 5}, {"source": ">AKT2.Oxi.2.15-1", "target": "group_secondary_2", "value": 5}, {"source": ">AKT2.Oxi.1.7-1", "target": "group_secondary_3", "value": 5}, {"source": ">AKT2.Oxi.1.11-1", "target": "group_secondary_3", "value": 5}, {"source": ">AKT2.Oxi.1.6-1", "target": "group_secondary_4", "value": 5}, {"source": ">AKT2.Oxi.2.11-1", "target": "group_secondary_4", "value": 5}, {"source": ">AKT2.Oxi.1.2-1", "target": "group_secondary_5", "value": 5}, {"source": ">AKT2.Oxi.1.5-1", "target": "group_secondary_5", "value": 5}, {"source": ">AKT2.Oxi.1.8-1", "target": "group_secondary_5", "value": 5}, {"source": ">AKT2.Oxi.1.9-1", "target": "group_secondary_5", "value": 5}, {"source": ">AKT2.Oxi.1.10-1", "target": "group_secondary_5", "value": 5}, {"source": ">AKT2.Oxi.1.13-1", "target": "group_secondary_5", "value": 5}, {"source": ">AKT2.Oxi.2.3-1", "target": "group_secondary_5", "value": 5}, {"source": ">AKT2.Oxi.2.5-1", "target": "group_secondary_5", "value": 5}, {"source": ">AKT2.Oxi.2.8-1", "target": "group_secondary_5", "value": 5}, {"source": ">AKT2.Oxi.2.12-1", "target": "group_secondary_5", "value": 5}, {"source": ">AKT2.Oxi.1.3-1", "target": "group_secondary_6", "value": 5}, {"source": ">AKT2.Oxi.1.15-1", "target": "group_secondary_6", "value": 5}, {"source": ">AKT2.Oxi.2.14-1", "target": "group_secondary_6", "value": 5}, {"source": ">AKT2.Oxi.1.14-1", "target": "group_secondary_7", "value": 5}, {"source": ">AKT2.Oxi.2.1-1", "target": "group_secondary_7", "value": 5}, {"source": ">AKT2.Oxi.2.16-1", "target": "group_secondary_7", "value": 5}, {"source": ">AKT2.Oxi.2.17-1", "target": "group_secondary_7", "value": 5}, {"source": ">AKT2.Oxi.2.18-1", "target": "group_secondary_7", "value": 5}, {"source": ">AKT2.Oxi.2.19-1", "target": "group_secondary_7", "value": 5}]}